set_number,features,best_eps,best_min_samples,best_silhouette_score,top10_eps,top10_min_samples,top10_eps_min,top10_eps_max,top10_min_samples_min,top10_min_samples_max
2146,"['OCC_YEAR', 'OCC_HOUR', 'OCC_MONTH_Num', 'DOW_Category_Freq', 'LONG_LAT_PCA', 'Division_Freq']",1.2999999999999998,8,0.16907104763193284,"[np.float64(1.2999999999999998), np.float64(1.2999999999999998), np.float64(1.4), np.float64(1.4), np.float64(1.4), np.float64(1.4), np.float64(1.4), np.float64(1.4999999999999998), np.float64(1.4999999999999998), np.float64(1.4999999999999998)]","[8, 9, 8, 9, 10, 11, 12, 8, 9, 10]",1.2999999999999998,1.4999999999999998,8,12
2147,"['OCC_YEAR', 'OCC_HOUR', 'OCC_MONTH_Num', 'DOW_Category_Freq', 'LONG_LAT_PCA', 'Division_Freq', 'LOCATION_Freq']",1.4999999999999998,14,0.13891699166426408,"[np.float64(1.4999999999999998), np.float64(1.4999999999999998), np.float64(1.4999999999999998), np.float64(1.4999999999999998), np.float64(1.4999999999999998), np.float64(1.4), np.float64(1.4), np.float64(1.4), np.float64(1.4), np.float64(1.2999999999999998)]","[14, 13, 15, 17, 16, 13, 15, 16, 17, 13]",1.2999999999999998,1.4999999999999998,13,17
2148,"['OCC_YEAR', 'OCC_HOUR', 'OCC_MONTH_Num', 'DOW_Category_Freq', 'LONG_LAT_PCA', 'Division_Freq', 'PREMISES_Freq']",1.4999999999999998,8,0.14198531601769981,"[np.float64(1.4999999999999998), np.float64(1.4), np.float64(1.4999999999999998), np.float64(1.4), np.float64(1.4999999999999998), np.float64(1.4999999999999998), np.float64(1.4999999999999998), np.float64(1.4), np.float64(1.4), np.float64(1.4)]","[8, 8, 11, 9, 12, 10, 9, 10, 11, 12]",1.4,1.4999999999999998,8,12
2149,"['OCC_YEAR', 'OCC_HOUR', 'OCC_MONTH_Num', 'DOW_Category_Freq', 'LONG_LAT_PCA', 'Division_Freq', 'Loca_Premi_Freq']",1.4,7,0.14861541277540546,"[np.float64(1.4), np.float64(1.4), np.float64(1.4), np.float64(1.4999999999999998), np.float64(1.4), np.float64(1.2999999999999998), np.float64(1.2999999999999998), np.float64(1.4999999999999998), np.float64(1.4999999999999998), np.float64(1.4999999999999998)]","[7, 4, 3, 7, 6, 6, 7, 6, 5, 4]",1.2999999999999998,1.4999999999999998,3,7
2150,"['OCC_YEAR', 'OCC_HOUR', 'OCC_MONTH_Num', 'DOW_Category_Freq', 'LONG_LAT_PCA', 'HOOD_Freq']",1.8000000000000003,3,0.3792334095488386,"[np.float64(1.8000000000000003), np.float64(1.8000000000000003), np.float64(1.8000000000000003), np.float64(1.8000000000000003), np.float64(1.8000000000000003), np.float64(1.9000000000000004), np.float64(1.9000000000000004), np.float64(1.9000000000000004), np.float64(1.9000000000000004), np.float64(1.9000000000000004)]","[3, 4, 5, 6, 7, 3, 4, 5, 6, 7]",1.8000000000000003,1.9000000000000004,3,7
2151,"['OCC_YEAR', 'OCC_HOUR', 'OCC_MONTH_Num', 'DOW_Category_Freq', 'LONG_LAT_PCA', 'HOOD_Freq', 'LOCATION_Freq']",1.8000000000000003,3,0.3461467901539434,"[np.float64(1.8000000000000003), np.float64(1.8000000000000003), np.float64(1.8000000000000003), np.float64(1.8000000000000003), np.float64(1.9000000000000004), np.float64(1.9000000000000004), np.float64(1.9000000000000004), np.float64(1.9000000000000004), np.float64(1.9000000000000004), np.float64(2.0000000000000004)]","[3, 4, 5, 6, 3, 4, 5, 6, 7, 3]",1.8000000000000003,2.0000000000000004,3,7
2152,"['OCC_YEAR', 'OCC_HOUR', 'OCC_MONTH_Num', 'DOW_Category_Freq', 'LONG_LAT_PCA', 'HOOD_Freq', 'PREMISES_Freq']",1.9000000000000004,3,0.3460962757242789,"[np.float64(1.9000000000000004), np.float64(1.9000000000000004), np.float64(1.9000000000000004), np.float64(1.9000000000000004), np.float64(1.9000000000000004), np.float64(2.0000000000000004), np.float64(2.0000000000000004), np.float64(2.0000000000000004), np.float64(2.0000000000000004), np.float64(2.0000000000000004)]","[3, 4, 5, 6, 7, 3, 4, 5, 6, 7]",1.9000000000000004,2.0000000000000004,3,7
2153,"['OCC_YEAR', 'OCC_HOUR', 'OCC_MONTH_Num', 'DOW_Category_Freq', 'LONG_LAT_PCA', 'HOOD_Freq', 'Loca_Premi_Freq']",2.1000000000000005,3,0.34847132698230215,"[np.float64(2.1000000000000005), np.float64(2.1000000000000005), np.float64(2.1000000000000005), np.float64(2.1000000000000005), np.float64(2.1000000000000005), np.float64(2.2000000000000006), np.float64(2.2000000000000006), np.float64(2.2000000000000006), np.float64(2.2000000000000006), np.float64(2.2000000000000006)]","[3, 4, 5, 6, 7, 3, 4, 5, 6, 7]",2.1000000000000005,2.2000000000000006,3,7
2154,"['OCC_YEAR', 'OCC_HOUR', 'OCC_MONTH_Num', 'DOW_Category_Freq', 'LONG_LAT_PCA', 'DIV_HOOD_Hier']",1.8000000000000003,3,0.3842048480168812,"[np.float64(1.8000000000000003), np.float64(1.8000000000000003), np.float64(1.8000000000000003), np.float64(1.8000000000000003), np.float64(1.8000000000000003), np.float64(1.9000000000000004), np.float64(1.9000000000000004), np.float64(1.9000000000000004), np.float64(1.9000000000000004), np.float64(1.9000000000000004)]","[3, 4, 5, 6, 7, 3, 4, 5, 6, 7]",1.8000000000000003,1.9000000000000004,3,7
2155,"['OCC_YEAR', 'OCC_HOUR', 'OCC_MONTH_Num', 'DOW_Category_Freq', 'LONG_LAT_PCA', 'DIV_HOOD_Hier', 'LOCATION_Freq']",1.8000000000000003,3,0.35080114466646134,"[np.float64(1.8000000000000003), np.float64(1.8000000000000003), np.float64(1.8000000000000003), np.float64(1.8000000000000003), np.float64(1.9000000000000004), np.float64(1.9000000000000004), np.float64(1.9000000000000004), np.float64(1.9000000000000004), np.float64(1.9000000000000004), np.float64(2.0000000000000004)]","[3, 4, 5, 6, 3, 4, 5, 6, 7, 3]",1.8000000000000003,2.0000000000000004,3,7
2156,"['OCC_YEAR', 'OCC_HOUR', 'OCC_MONTH_Num', 'DOW_Category_Freq', 'LONG_LAT_PCA', 'DIV_HOOD_Hier', 'PREMISES_Freq']",1.9000000000000004,3,0.3507386866915764,"[np.float64(1.9000000000000004), np.float64(1.9000000000000004), np.float64(1.9000000000000004), np.float64(1.9000000000000004), np.float64(1.9000000000000004), np.float64(2.0000000000000004), np.float64(2.0000000000000004), np.float64(2.0000000000000004), np.float64(2.0000000000000004), np.float64(2.0000000000000004)]","[3, 4, 5, 6, 7, 3, 4, 5, 6, 7]",1.9000000000000004,2.0000000000000004,3,7
2157,"['OCC_YEAR', 'OCC_HOUR', 'OCC_MONTH_Num', 'DOW_Category_Freq', 'LONG_LAT_PCA', 'DIV_HOOD_Hier', 'Loca_Premi_Freq']",2.5,3,0.35306600605906413,"[np.float64(2.5), np.float64(2.5), np.float64(2.5), np.float64(2.5), np.float64(2.5), np.float64(2.6), np.float64(2.6), np.float64(2.6), np.float64(2.6), np.float64(2.6)]","[3, 4, 5, 6, 7, 3, 4, 5, 6, 7]",2.5,2.6,3,7
2158,"['OCC_YEAR', 'OCC_HOUR', 'OCC_MONTH_Num', 'DOW_Category_Freq', 'LONG_WGS84', 'LAT_WGS84']",1.1999999999999997,3,0.17075264201507723,"[np.float64(1.1999999999999997), np.float64(1.2999999999999998), np.float64(1.2999999999999998), np.float64(1.2999999999999998), np.float64(1.2999999999999998), np.float64(1.2999999999999998), np.float64(1.4), np.float64(1.4), np.float64(1.4), np.float64(1.4)]","[3, 3, 4, 5, 6, 7, 3, 4, 5, 6]",1.1999999999999997,1.4,3,7
2159,"['OCC_YEAR', 'OCC_HOUR', 'OCC_MONTH_Num', 'DOW_Category_Freq', 'LONG_WGS84', 'LAT_WGS84', 'LOCATION_Freq']",1.4999999999999998,4,0.14314080437243307,"[np.float64(1.4999999999999998), np.float64(1.4999999999999998), np.float64(1.4), np.float64(1.4999999999999998), np.float64(1.4999999999999998), np.float64(1.4), np.float64(1.4999999999999998), np.float64(1.4), np.float64(1.4), np.float64(1.2999999999999998)]","[4, 3, 3, 5, 6, 4, 7, 5, 6, 4]",1.2999999999999998,1.4999999999999998,3,7
2160,"['OCC_YEAR', 'OCC_HOUR', 'OCC_MONTH_Num', 'DOW_Category_Freq', 'LONG_WGS84', 'LAT_WGS84', 'PREMISES_Freq']",1.4999999999999998,13,0.14370119731229114,"[np.float64(1.4999999999999998), np.float64(1.4999999999999998), np.float64(1.4999999999999998), np.float64(1.4999999999999998), np.float64(1.4999999999999998), np.float64(1.4), np.float64(1.4), np.float64(1.4), np.float64(1.4), np.float64(1.2999999999999998)]","[13, 14, 15, 16, 17, 13, 14, 15, 16, 13]",1.2999999999999998,1.4999999999999998,13,17
2161,"['OCC_YEAR', 'OCC_HOUR', 'OCC_MONTH_Num', 'DOW_Category_Freq', 'LONG_WGS84', 'LAT_WGS84', 'Loca_Premi_Freq']",1.4,3,0.15551094030772813,"[np.float64(1.4), np.float64(1.4), np.float64(1.4999999999999998), np.float64(1.4), np.float64(1.4), np.float64(1.4999999999999998), np.float64(1.4999999999999998), np.float64(1.4999999999999998), np.float64(1.4999999999999998), np.float64(1.2999999999999998)]","[3, 4, 7, 5, 6, 4, 3, 5, 6, 4]",1.2999999999999998,1.4999999999999998,3,7
2162,"['OCC_YEAR', 'OCC_HOUR', 'OCC_MONTH_Num', 'DOW_Category_Freq', 'LONG_WGS84', 'LAT_WGS84', 'Division_Freq']",1.1999999999999997,3,0.15849988656465794,"[np.float64(1.1999999999999997), np.float64(1.1999999999999997), np.float64(1.1999999999999997), np.float64(1.1999999999999997), np.float64(1.0999999999999999), np.float64(0.9999999999999999), np.float64(0.9999999999999999), np.float64(1.2999999999999998), np.float64(1.2999999999999998), np.float64(1.2999999999999998)]","[3, 4, 5, 7, 7, 6, 7, 3, 4, 5]",0.9999999999999999,1.2999999999999998,3,7
2163,"['OCC_YEAR', 'OCC_HOUR', 'OCC_MONTH_Num', 'DOW_Category_Freq', 'LONG_WGS84', 'LAT_WGS84', 'Division_Freq', 'LOCATION_Freq']",1.4999999999999998,4,0.12174341641983041,"[np.float64(1.4999999999999998), np.float64(1.4999999999999998), np.float64(1.4999999999999998), np.float64(1.4999999999999998), np.float64(1.4999999999999998), np.float64(1.4), np.float64(1.4), np.float64(1.4), np.float64(1.4), np.float64(1.4)]","[4, 3, 7, 5, 6, 4, 6, 3, 5, 7]",1.4,1.4999999999999998,3,7
2164,"['OCC_YEAR', 'OCC_HOUR', 'OCC_MONTH_Num', 'DOW_Category_Freq', 'LONG_WGS84', 'LAT_WGS84', 'Division_Freq', 'PREMISES_Freq']",1.9000000000000004,15,0.1698775802029307,"[np.float64(1.9000000000000004), np.float64(1.9000000000000004), np.float64(1.9000000000000004), np.float64(1.9000000000000004), np.float64(1.9000000000000004), np.float64(2.0000000000000004), np.float64(2.0000000000000004), np.float64(2.0000000000000004), np.float64(2.0000000000000004), np.float64(2.0000000000000004)]","[15, 16, 17, 13, 14, 13, 14, 15, 16, 17]",1.9000000000000004,2.0000000000000004,13,17
2165,"['OCC_YEAR', 'OCC_HOUR', 'OCC_MONTH_Num', 'DOW_Category_Freq', 'LONG_WGS84', 'LAT_WGS84', 'Division_Freq', 'Loca_Premi_Freq']",2.0000000000000004,15,0.170337514289117,"[np.float64(2.0000000000000004), np.float64(2.0000000000000004), np.float64(2.0000000000000004), np.float64(2.0000000000000004), np.float64(2.0000000000000004), np.float64(1.8000000000000003), np.float64(1.8000000000000003), np.float64(1.9000000000000004), np.float64(1.9000000000000004), np.float64(1.9000000000000004)]","[15, 16, 17, 13, 14, 17, 16, 17, 15, 16]",1.8000000000000003,2.0000000000000004,13,17
2166,"['OCC_YEAR', 'OCC_HOUR', 'OCC_MONTH_Num', 'DOW_Category_Freq', 'LONG_WGS84', 'LAT_WGS84', 'HOOD_Freq']",1.8000000000000003,3,0.35531156647482415,"[np.float64(1.8000000000000003), np.float64(1.8000000000000003), np.float64(1.8000000000000003), np.float64(1.8000000000000003), np.float64(1.8000000000000003), np.float64(1.9000000000000004), np.float64(1.9000000000000004), np.float64(1.9000000000000004), np.float64(1.9000000000000004), np.float64(1.9000000000000004)]","[3, 4, 5, 6, 7, 3, 4, 5, 6, 7]",1.8000000000000003,1.9000000000000004,3,7
2167,"['OCC_YEAR', 'OCC_HOUR', 'OCC_MONTH_Num', 'DOW_Category_Freq', 'LONG_WGS84', 'LAT_WGS84', 'HOOD_Freq', 'LOCATION_Freq']",1.9000000000000004,3,0.3276122821854316,"[np.float64(1.9000000000000004), np.float64(1.9000000000000004), np.float64(1.9000000000000004), np.float64(1.9000000000000004), np.float64(1.9000000000000004), np.float64(2.0000000000000004), np.float64(2.0000000000000004), np.float64(2.0000000000000004), np.float64(2.0000000000000004), np.float64(2.0000000000000004)]","[3, 4, 5, 6, 7, 3, 4, 5, 6, 7]",1.9000000000000004,2.0000000000000004,3,7
2168,"['OCC_YEAR', 'OCC_HOUR', 'OCC_MONTH_Num', 'DOW_Category_Freq', 'LONG_WGS84', 'LAT_WGS84', 'HOOD_Freq', 'PREMISES_Freq']",1.9000000000000004,3,0.3276355263273898,"[np.float64(1.9000000000000004), np.float64(1.9000000000000004), np.float64(1.9000000000000004), np.float64(1.9000000000000004), np.float64(2.0000000000000004), np.float64(2.0000000000000004), np.float64(2.0000000000000004), np.float64(2.0000000000000004), np.float64(2.0000000000000004), np.float64(2.1000000000000005)]","[3, 4, 5, 6, 3, 4, 5, 6, 7, 3]",1.9000000000000004,2.1000000000000005,3,7
2169,"['OCC_YEAR', 'OCC_HOUR', 'OCC_MONTH_Num', 'DOW_Category_Freq', 'LONG_WGS84', 'LAT_WGS84', 'HOOD_Freq', 'Loca_Premi_Freq']",2.5,3,0.32987175135870794,"[np.float64(2.5), np.float64(2.5), np.float64(2.5), np.float64(2.5), np.float64(2.5), np.float64(2.6), np.float64(2.6), np.float64(2.6), np.float64(2.6), np.float64(2.6)]","[3, 4, 5, 6, 7, 3, 4, 5, 6, 7]",2.5,2.6,3,7
2170,"['OCC_YEAR', 'OCC_HOUR', 'OCC_MONTH_Num', 'DOW_Category_Freq', 'LONG_WGS84', 'LAT_WGS84', 'DIV_HOOD_Hier']",1.8000000000000003,3,0.3597021067699971,"[np.float64(1.8000000000000003), np.float64(1.8000000000000003), np.float64(1.8000000000000003), np.float64(1.8000000000000003), np.float64(1.8000000000000003), np.float64(1.9000000000000004), np.float64(1.9000000000000004), np.float64(1.9000000000000004), np.float64(1.9000000000000004), np.float64(1.9000000000000004)]","[3, 4, 5, 6, 7, 3, 4, 5, 6, 7]",1.8000000000000003,1.9000000000000004,3,7
2171,"['OCC_YEAR', 'OCC_HOUR', 'OCC_MONTH_Num', 'DOW_Category_Freq', 'LONG_WGS84', 'LAT_WGS84', 'DIV_HOOD_Hier', 'LOCATION_Freq']",1.9000000000000004,3,0.331738159534268,"[np.float64(1.9000000000000004), np.float64(1.9000000000000004), np.float64(1.9000000000000004), np.float64(1.9000000000000004), np.float64(1.9000000000000004), np.float64(2.0000000000000004), np.float64(2.0000000000000004), np.float64(2.0000000000000004), np.float64(2.0000000000000004), np.float64(2.0000000000000004)]","[3, 4, 5, 6, 7, 3, 4, 5, 6, 7]",1.9000000000000004,2.0000000000000004,3,7
2172,"['OCC_YEAR', 'OCC_HOUR', 'OCC_MONTH_Num', 'DOW_Category_Freq', 'LONG_WGS84', 'LAT_WGS84', 'DIV_HOOD_Hier', 'PREMISES_Freq']",1.9000000000000004,3,0.33175171441724627,"[np.float64(1.9000000000000004), np.float64(1.9000000000000004), np.float64(1.9000000000000004), np.float64(1.9000000000000004), np.float64(2.0000000000000004), np.float64(2.0000000000000004), np.float64(2.0000000000000004), np.float64(2.0000000000000004), np.float64(2.0000000000000004), np.float64(2.1000000000000005)]","[3, 4, 5, 6, 3, 4, 5, 6, 7, 3]",1.9000000000000004,2.1000000000000005,3,7
2173,"['OCC_YEAR', 'OCC_HOUR', 'OCC_MONTH_Num', 'DOW_Category_Freq', 'LONG_WGS84', 'LAT_WGS84', 'DIV_HOOD_Hier', 'Loca_Premi_Freq']",2.5,3,0.33394897148394287,"[np.float64(2.5), np.float64(2.5), np.float64(2.5), np.float64(2.5), np.float64(2.5), np.float64(2.6), np.float64(2.6), np.float64(2.6), np.float64(2.6), np.float64(2.6)]","[3, 4, 5, 6, 7, 3, 4, 5, 6, 7]",2.5,2.6,3,7
2175,"['OCC_DAY', 'OCC_DOY', 'OCC_HOUR', 'OCC_MONTH_Num', 'LOCATION_Freq']",1.2999999999999998,3,0.27622233313538824,"[np.float64(1.2999999999999998), np.float64(1.2999999999999998), np.float64(1.2999999999999998), np.float64(1.2999999999999998), np.float64(1.2999999999999998), np.float64(1.4), np.float64(1.4), np.float64(1.4), np.float64(1.4), np.float64(1.4)]","[3, 4, 5, 6, 7, 3, 4, 5, 6, 7]",1.2999999999999998,1.4,3,7
2176,"['OCC_DAY', 'OCC_DOY', 'OCC_HOUR', 'OCC_MONTH_Num', 'PREMISES_Freq']",1.1999999999999997,3,0.2686607660583541,"[np.float64(1.1999999999999997), np.float64(1.1999999999999997), np.float64(1.1999999999999997), np.float64(1.1999999999999997), np.float64(1.1999999999999997), np.float64(1.2999999999999998), np.float64(1.2999999999999998), np.float64(1.2999999999999998), np.float64(1.2999999999999998), np.float64(1.2999999999999998)]","[3, 4, 5, 6, 7, 3, 4, 5, 6, 7]",1.1999999999999997,1.2999999999999998,3,7
2177,"['OCC_DAY', 'OCC_DOY', 'OCC_HOUR', 'OCC_MONTH_Num', 'Loca_Premi_Freq']",1.0999999999999999,3,0.26863145309828074,"[np.float64(1.0999999999999999), np.float64(1.0999999999999999), np.float64(1.0999999999999999), np.float64(1.0999999999999999), np.float64(1.0999999999999999), np.float64(1.1999999999999997), np.float64(1.1999999999999997), np.float64(1.1999999999999997), np.float64(1.1999999999999997), np.float64(1.1999999999999997)]","[3, 4, 5, 6, 7, 3, 4, 5, 6, 7]",1.0999999999999999,1.1999999999999997,3,7
2179,"['OCC_DAY', 'OCC_DOY', 'OCC_HOUR', 'OCC_MONTH_Num', 'Division_Freq', 'LOCATION_Freq']",1.2999999999999998,3,0.23506679087958715,"[np.float64(1.2999999999999998), np.float64(1.2999999999999998), np.float64(1.2999999999999998), np.float64(1.2999999999999998), np.float64(1.2999999999999998), np.float64(1.4), np.float64(1.4), np.float64(1.4), np.float64(1.4), np.float64(1.4)]","[3, 4, 5, 6, 7, 3, 4, 5, 6, 7]",1.2999999999999998,1.4,3,7
2180,"['OCC_DAY', 'OCC_DOY', 'OCC_HOUR', 'OCC_MONTH_Num', 'Division_Freq', 'PREMISES_Freq']",1.2999999999999998,8,0.22631161674596106,"[np.float64(1.2999999999999998), np.float64(1.2999999999999998), np.float64(1.2999999999999998), np.float64(1.2999999999999998), np.float64(1.2999999999999998), np.float64(1.4), np.float64(1.4), np.float64(1.4), np.float64(1.4), np.float64(1.4)]","[8, 9, 10, 11, 12, 8, 9, 10, 11, 12]",1.2999999999999998,1.4,8,12
2181,"['OCC_DAY', 'OCC_DOY', 'OCC_HOUR', 'OCC_MONTH_Num', 'Division_Freq', 'Loca_Premi_Freq']",1.2999999999999998,8,0.22699483664537629,"[np.float64(1.2999999999999998), np.float64(1.2999999999999998), np.float64(1.2999999999999998), np.float64(1.2999999999999998), np.float64(1.2999999999999998), np.float64(1.4), np.float64(1.4), np.float64(1.4), np.float64(1.4), np.float64(1.4)]","[8, 9, 10, 11, 12, 8, 9, 10, 11, 12]",1.2999999999999998,1.4,8,12
2182,"['OCC_DAY', 'OCC_DOY', 'OCC_HOUR', 'OCC_MONTH_Num', 'HOOD_Freq']",0.7999999999999999,3,0.43202416875278726,"[np.float64(0.7999999999999999), np.float64(0.8999999999999999), np.float64(0.8999999999999999), np.float64(0.8999999999999999), np.float64(0.8999999999999999), np.float64(0.8999999999999999), np.float64(0.9999999999999999), np.float64(0.9999999999999999), np.float64(0.9999999999999999), np.float64(0.9999999999999999)]","[3, 3, 4, 5, 6, 7, 3, 4, 5, 6]",0.7999999999999999,0.9999999999999999,3,7
2183,"['OCC_DAY', 'OCC_DOY', 'OCC_HOUR', 'OCC_MONTH_Num', 'HOOD_Freq', 'LOCATION_Freq']",1.6,3,0.38804977861200274,"[np.float64(1.6), np.float64(1.6), np.float64(1.6), np.float64(1.6), np.float64(1.6), np.float64(1.7000000000000002), np.float64(1.7000000000000002), np.float64(1.7000000000000002), np.float64(1.7000000000000002), np.float64(1.7000000000000002)]","[3, 4, 5, 6, 7, 3, 4, 5, 6, 7]",1.6,1.7000000000000002,3,7
2184,"['OCC_DAY', 'OCC_DOY', 'OCC_HOUR', 'OCC_MONTH_Num', 'HOOD_Freq', 'PREMISES_Freq']",1.9000000000000004,3,0.3875787271548041,"[np.float64(1.9000000000000004), np.float64(1.9000000000000004), np.float64(1.9000000000000004), np.float64(1.9000000000000004), np.float64(1.9000000000000004), np.float64(2.0000000000000004), np.float64(2.0000000000000004), np.float64(2.0000000000000004), np.float64(2.0000000000000004), np.float64(2.0000000000000004)]","[3, 4, 5, 6, 7, 3, 4, 5, 6, 7]",1.9000000000000004,2.0000000000000004,3,7
2185,"['OCC_DAY', 'OCC_DOY', 'OCC_HOUR', 'OCC_MONTH_Num', 'HOOD_Freq', 'Loca_Premi_Freq']",2.0000000000000004,3,0.38987229730039547,"[np.float64(2.0000000000000004), np.float64(2.0000000000000004), np.float64(2.0000000000000004), np.float64(2.0000000000000004), np.float64(2.0000000000000004), np.float64(2.1000000000000005), np.float64(2.1000000000000005), np.float64(2.1000000000000005), np.float64(2.1000000000000005), np.float64(2.1000000000000005)]","[3, 4, 5, 6, 7, 3, 4, 5, 6, 7]",2.0000000000000004,2.1000000000000005,3,7
2186,"['OCC_DAY', 'OCC_DOY', 'OCC_HOUR', 'OCC_MONTH_Num', 'DIV_HOOD_Hier']",0.7999999999999999,3,0.4377059989443803,"[np.float64(0.7999999999999999), np.float64(0.8999999999999999), np.float64(0.8999999999999999), np.float64(0.8999999999999999), np.float64(0.8999999999999999), np.float64(0.8999999999999999), np.float64(0.9999999999999999), np.float64(0.9999999999999999), np.float64(0.9999999999999999), np.float64(0.9999999999999999)]","[3, 3, 4, 5, 6, 7, 3, 4, 5, 6]",0.7999999999999999,0.9999999999999999,3,7
2187,"['OCC_DAY', 'OCC_DOY', 'OCC_HOUR', 'OCC_MONTH_Num', 'DIV_HOOD_Hier', 'LOCATION_Freq']",1.6,3,0.39331904507962234,"[np.float64(1.6), np.float64(1.6), np.float64(1.6), np.float64(1.6), np.float64(1.6), np.float64(1.7000000000000002), np.float64(1.7000000000000002), np.float64(1.7000000000000002), np.float64(1.7000000000000002), np.float64(1.7000000000000002)]","[3, 4, 5, 6, 7, 3, 4, 5, 6, 7]",1.6,1.7000000000000002,3,7
2188,"['OCC_DAY', 'OCC_DOY', 'OCC_HOUR', 'OCC_MONTH_Num', 'DIV_HOOD_Hier', 'PREMISES_Freq']",1.9000000000000004,3,0.392831258395169,"[np.float64(1.9000000000000004), np.float64(1.9000000000000004), np.float64(1.9000000000000004), np.float64(1.9000000000000004), np.float64(1.9000000000000004), np.float64(2.0000000000000004), np.float64(2.0000000000000004), np.float64(2.0000000000000004), np.float64(2.0000000000000004), np.float64(2.0000000000000004)]","[3, 4, 5, 6, 7, 3, 4, 5, 6, 7]",1.9000000000000004,2.0000000000000004,3,7
2189,"['OCC_DAY', 'OCC_DOY', 'OCC_HOUR', 'OCC_MONTH_Num', 'DIV_HOOD_Hier', 'Loca_Premi_Freq']",2.0000000000000004,3,0.3950630919113474,"[np.float64(2.0000000000000004), np.float64(2.0000000000000004), np.float64(2.0000000000000004), np.float64(2.0000000000000004), np.float64(2.0000000000000004), np.float64(2.1000000000000005), np.float64(2.1000000000000005), np.float64(2.1000000000000005), np.float64(2.1000000000000005), np.float64(2.1000000000000005)]","[3, 4, 5, 6, 7, 3, 4, 5, 6, 7]",2.0000000000000004,2.1000000000000005,3,7
2191,"['OCC_DAY', 'OCC_DOY', 'OCC_HOUR', 'OCC_MONTH_Num', 'LONG_LAT_PCA', 'LOCATION_Freq']",1.4999999999999998,3,0.23713554703553466,"[np.float64(1.4999999999999998), np.float64(1.4999999999999998), np.float64(1.4999999999999998), np.float64(1.4999999999999998), np.float64(1.4999999999999998), np.float64(1.2999999999999998), np.float64(1.2999999999999998), np.float64(1.2999999999999998), np.float64(1.2999999999999998), np.float64(1.2999999999999998)]","[3, 4, 5, 6, 7, 3, 4, 5, 6, 7]",1.2999999999999998,1.4999999999999998,3,7
2192,"['OCC_DAY', 'OCC_DOY', 'OCC_HOUR', 'OCC_MONTH_Num', 'LONG_LAT_PCA', 'PREMISES_Freq']",1.1999999999999997,3,0.23117384148880485,"[np.float64(1.1999999999999997), np.float64(1.1999999999999997), np.float64(1.1999999999999997), np.float64(1.1999999999999997), np.float64(1.1999999999999997), np.float64(1.2999999999999998), np.float64(1.2999999999999998), np.float64(1.2999999999999998), np.float64(1.2999999999999998), np.float64(1.2999999999999998)]","[3, 4, 5, 6, 7, 3, 4, 5, 6, 7]",1.1999999999999997,1.2999999999999998,3,7
2193,"['OCC_DAY', 'OCC_DOY', 'OCC_HOUR', 'OCC_MONTH_Num', 'LONG_LAT_PCA', 'Loca_Premi_Freq']",1.0999999999999999,3,0.2304100745107536,"[np.float64(1.0999999999999999), np.float64(1.0999999999999999), np.float64(1.1999999999999997), np.float64(1.1999999999999997), np.float64(1.1999999999999997), np.float64(1.1999999999999997), np.float64(1.1999999999999997), np.float64(1.2999999999999998), np.float64(1.2999999999999998), np.float64(1.2999999999999998)]","[3, 4, 3, 4, 5, 6, 7, 3, 4, 5]",1.0999999999999999,1.2999999999999998,3,7
2194,"['OCC_DAY', 'OCC_DOY', 'OCC_HOUR', 'OCC_MONTH_Num', 'LONG_LAT_PCA', 'Division_Freq']",1.0999999999999999,3,0.17426525550814267,"[np.float64(1.0999999999999999), np.float64(1.0999999999999999), np.float64(1.0999999999999999), np.float64(1.0999999999999999), np.float64(1.0999999999999999), np.float64(1.1999999999999997), np.float64(1.1999999999999997), np.float64(1.1999999999999997), np.float64(1.1999999999999997), np.float64(1.1999999999999997)]","[3, 4, 5, 6, 7, 3, 4, 5, 6, 7]",1.0999999999999999,1.1999999999999997,3,7
2195,"['OCC_DAY', 'OCC_DOY', 'OCC_HOUR', 'OCC_MONTH_Num', 'LONG_LAT_PCA', 'Division_Freq', 'LOCATION_Freq']",1.4999999999999998,13,0.20599239544642647,"[np.float64(1.4999999999999998), np.float64(1.4999999999999998), np.float64(1.4999999999999998), np.float64(1.4999999999999998), np.float64(1.4), np.float64(1.4), np.float64(1.4), np.float64(1.4), np.float64(1.4), np.float64(1.4999999999999998)]","[13, 14, 15, 16, 14, 15, 16, 13, 17, 17]",1.4,1.4999999999999998,13,17
2196,"['OCC_DAY', 'OCC_DOY', 'OCC_HOUR', 'OCC_MONTH_Num', 'LONG_LAT_PCA', 'Division_Freq', 'PREMISES_Freq']",1.4999999999999998,8,0.19882506782587087,"[np.float64(1.4999999999999998), np.float64(1.4999999999999998), np.float64(1.4999999999999998), np.float64(1.4999999999999998), np.float64(1.4999999999999998), np.float64(1.2999999999999998), np.float64(1.2999999999999998), np.float64(1.2999999999999998), np.float64(1.2999999999999998), np.float64(1.2999999999999998)]","[8, 9, 10, 11, 12, 10, 9, 8, 11, 12]",1.2999999999999998,1.4999999999999998,8,12
2197,"['OCC_DAY', 'OCC_DOY', 'OCC_HOUR', 'OCC_MONTH_Num', 'LONG_LAT_PCA', 'Division_Freq', 'Loca_Premi_Freq']",1.4999999999999998,8,0.19886164829579725,"[np.float64(1.4999999999999998), np.float64(1.4999999999999998), np.float64(1.4999999999999998), np.float64(1.4999999999999998), np.float64(1.4999999999999998), np.float64(1.2999999999999998), np.float64(1.2999999999999998), np.float64(1.2999999999999998), np.float64(1.2999999999999998), np.float64(1.2999999999999998)]","[8, 9, 10, 11, 12, 10, 11, 9, 12, 8]",1.2999999999999998,1.4999999999999998,8,12
2198,"['OCC_DAY', 'OCC_DOY', 'OCC_HOUR', 'OCC_MONTH_Num', 'LONG_LAT_PCA', 'HOOD_Freq']",0.9999999999999999,3,0.3867921865906362,"[np.float64(0.9999999999999999), np.float64(0.9999999999999999), np.float64(0.9999999999999999), np.float64(0.9999999999999999), np.float64(0.9999999999999999), np.float64(1.0999999999999999), np.float64(1.0999999999999999), np.float64(1.0999999999999999), np.float64(1.0999999999999999), np.float64(1.0999999999999999)]","[3, 4, 5, 6, 7, 3, 4, 5, 6, 7]",0.9999999999999999,1.0999999999999999,3,7
2199,"['OCC_DAY', 'OCC_DOY', 'OCC_HOUR', 'OCC_MONTH_Num', 'LONG_LAT_PCA', 'HOOD_Freq', 'LOCATION_Freq']",1.6,3,0.35183169439231093,"[np.float64(1.6), np.float64(1.6), np.float64(1.6), np.float64(1.6), np.float64(1.6), np.float64(1.7000000000000002), np.float64(1.7000000000000002), np.float64(1.7000000000000002), np.float64(1.7000000000000002), np.float64(1.7000000000000002)]","[3, 4, 5, 6, 7, 3, 4, 5, 6, 7]",1.6,1.7000000000000002,3,7
2200,"['OCC_DAY', 'OCC_DOY', 'OCC_HOUR', 'OCC_MONTH_Num', 'LONG_LAT_PCA', 'HOOD_Freq', 'PREMISES_Freq']",1.9000000000000004,3,0.3516700810547929,"[np.float64(1.9000000000000004), np.float64(1.9000000000000004), np.float64(1.9000000000000004), np.float64(1.9000000000000004), np.float64(1.9000000000000004), np.float64(2.0000000000000004), np.float64(2.0000000000000004), np.float64(2.0000000000000004), np.float64(2.0000000000000004), np.float64(2.0000000000000004)]","[3, 4, 5, 6, 7, 3, 4, 5, 6, 7]",1.9000000000000004,2.0000000000000004,3,7
2201,"['OCC_DAY', 'OCC_DOY', 'OCC_HOUR', 'OCC_MONTH_Num', 'LONG_LAT_PCA', 'HOOD_Freq', 'Loca_Premi_Freq']",2.1000000000000005,3,0.3539458710162575,"[np.float64(2.1000000000000005), np.float64(2.1000000000000005), np.float64(2.1000000000000005), np.float64(2.1000000000000005), np.float64(2.1000000000000005), np.float64(2.2000000000000006), np.float64(2.2000000000000006), np.float64(2.2000000000000006), np.float64(2.2000000000000006), np.float64(2.2000000000000006)]","[3, 4, 5, 6, 7, 3, 4, 5, 6, 7]",2.1000000000000005,2.2000000000000006,3,7
2202,"['OCC_DAY', 'OCC_DOY', 'OCC_HOUR', 'OCC_MONTH_Num', 'LONG_LAT_PCA', 'DIV_HOOD_Hier']",0.8999999999999999,3,0.3918331935925788,"[np.float64(0.8999999999999999), np.float64(0.8999999999999999), np.float64(0.8999999999999999), np.float64(0.9999999999999999), np.float64(0.9999999999999999), np.float64(0.9999999999999999), np.float64(0.9999999999999999), np.float64(0.9999999999999999), np.float64(1.0999999999999999), np.float64(1.0999999999999999)]","[3, 4, 5, 3, 4, 5, 6, 7, 3, 4]",0.8999999999999999,1.0999999999999999,3,7
2203,"['OCC_DAY', 'OCC_DOY', 'OCC_HOUR', 'OCC_MONTH_Num', 'LONG_LAT_PCA', 'DIV_HOOD_Hier', 'LOCATION_Freq']",1.6,3,0.3565440528174222,"[np.float64(1.6), np.float64(1.6), np.float64(1.6), np.float64(1.6), np.float64(1.6), np.float64(1.7000000000000002), np.float64(1.7000000000000002), np.float64(1.7000000000000002), np.float64(1.7000000000000002), np.float64(1.7000000000000002)]","[3, 4, 5, 6, 7, 3, 4, 5, 6, 7]",1.6,1.7000000000000002,3,7
2204,"['OCC_DAY', 'OCC_DOY', 'OCC_HOUR', 'OCC_MONTH_Num', 'LONG_LAT_PCA', 'DIV_HOOD_Hier', 'PREMISES_Freq']",1.9000000000000004,3,0.35636939602156886,"[np.float64(1.9000000000000004), np.float64(1.9000000000000004), np.float64(1.9000000000000004), np.float64(1.9000000000000004), np.float64(1.9000000000000004), np.float64(2.0000000000000004), np.float64(2.0000000000000004), np.float64(2.0000000000000004), np.float64(2.0000000000000004), np.float64(2.0000000000000004)]","[3, 4, 5, 6, 7, 3, 4, 5, 6, 7]",1.9000000000000004,2.0000000000000004,3,7
2205,"['OCC_DAY', 'OCC_DOY', 'OCC_HOUR', 'OCC_MONTH_Num', 'LONG_LAT_PCA', 'DIV_HOOD_Hier', 'Loca_Premi_Freq']",2.5,3,0.35859576684447336,"[np.float64(2.5), np.float64(2.5), np.float64(2.5), np.float64(2.5), np.float64(2.5), np.float64(2.6), np.float64(2.6), np.float64(2.6), np.float64(2.6), np.float64(2.6)]","[3, 4, 5, 6, 7, 3, 4, 5, 6, 7]",2.5,2.6,3,7
2206,"['OCC_DAY', 'OCC_DOY', 'OCC_HOUR', 'OCC_MONTH_Num', 'LONG_WGS84', 'LAT_WGS84']",1.0999999999999999,16,0.2623888609495115,"[np.float64(1.0999999999999999), np.float64(1.0999999999999999), np.float64(0.9999999999999999), np.float64(0.9999999999999999), np.float64(0.9999999999999999), np.float64(0.9999999999999999), np.float64(0.9999999999999999), np.float64(0.8999999999999999), np.float64(0.8999999999999999), np.float64(0.8999999999999999)]","[16, 17, 13, 14, 15, 16, 17, 13, 15, 14]",0.8999999999999999,1.0999999999999999,13,17
2207,"['OCC_DAY', 'OCC_DOY', 'OCC_HOUR', 'OCC_MONTH_Num', 'LONG_WGS84', 'LAT_WGS84', 'LOCATION_Freq']",1.4999999999999998,14,0.2001607401123063,"[np.float64(1.4999999999999998), np.float64(1.4999999999999998), np.float64(1.4999999999999998), np.float64(1.4999999999999998), np.float64(1.4), np.float64(1.4), np.float64(1.4), np.float64(1.4), np.float64(1.4), np.float64(1.2999999999999998)]","[14, 17, 15, 16, 13, 14, 15, 16, 17, 13]",1.2999999999999998,1.4999999999999998,13,17
2208,"['OCC_DAY', 'OCC_DOY', 'OCC_HOUR', 'OCC_MONTH_Num', 'LONG_WGS84', 'LAT_WGS84', 'PREMISES_Freq']",1.4,3,0.20280512107538914,"[np.float64(1.4), np.float64(1.4), np.float64(1.4), np.float64(1.4), np.float64(1.4999999999999998), np.float64(1.4999999999999998), np.float64(1.4999999999999998), np.float64(1.4999999999999998), np.float64(1.4999999999999998), np.float64(1.2999999999999998)]","[3, 4, 5, 6, 3, 4, 5, 6, 7, 6]",1.2999999999999998,1.4999999999999998,3,7
2209,"['OCC_DAY', 'OCC_DOY', 'OCC_HOUR', 'OCC_MONTH_Num', 'LONG_WGS84', 'LAT_WGS84', 'Loca_Premi_Freq']",1.4,3,0.2022255802497237,"[np.float64(1.4), np.float64(1.4), np.float64(1.4), np.float64(1.4), np.float64(1.4), np.float64(1.4999999999999998), np.float64(1.4999999999999998), np.float64(1.4999999999999998), np.float64(1.4999999999999998), np.float64(1.4999999999999998)]","[3, 4, 5, 6, 7, 3, 4, 5, 6, 7]",1.4,1.4999999999999998,3,7
2210,"['OCC_DAY', 'OCC_DOY', 'OCC_HOUR', 'OCC_MONTH_Num', 'LONG_WGS84', 'LAT_WGS84', 'Division_Freq']",0.9999999999999999,11,0.1540152959145407,"[np.float64(0.9999999999999999), np.float64(0.9999999999999999), np.float64(0.9999999999999999), np.float64(0.9999999999999999), np.float64(0.8999999999999999), np.float64(0.9999999999999999), np.float64(1.0999999999999999), np.float64(1.0999999999999999), np.float64(1.0999999999999999), np.float64(1.0999999999999999)]","[11, 10, 12, 9, 8, 8, 10, 11, 12, 8]",0.8999999999999999,1.0999999999999999,8,12
2211,"['OCC_DAY', 'OCC_DOY', 'OCC_HOUR', 'OCC_MONTH_Num', 'LONG_WGS84', 'LAT_WGS84', 'Division_Freq', 'LOCATION_Freq']",1.4999999999999998,8,0.16922504864209123,"[np.float64(1.4999999999999998), np.float64(1.4999999999999998), np.float64(1.4999999999999998), np.float64(1.4999999999999998), np.float64(1.4999999999999998), np.float64(1.4), np.float64(1.4), np.float64(1.4), np.float64(1.4), np.float64(1.4)]","[8, 9, 11, 12, 10, 8, 9, 10, 11, 12]",1.4,1.4999999999999998,8,12
2212,"['OCC_DAY', 'OCC_DOY', 'OCC_HOUR', 'OCC_MONTH_Num', 'LONG_WGS84', 'LAT_WGS84', 'Division_Freq', 'PREMISES_Freq']",1.4999999999999998,6,0.1641299549320135,"[np.float64(1.4999999999999998), np.float64(1.4999999999999998), np.float64(1.4), np.float64(1.4), np.float64(1.4), np.float64(1.4999999999999998), np.float64(1.4999999999999998), np.float64(1.4999999999999998), np.float64(1.1999999999999997), np.float64(1.1999999999999997)]","[6, 7, 5, 4, 3, 3, 4, 5, 5, 3]",1.1999999999999997,1.4999999999999998,3,7
2213,"['OCC_DAY', 'OCC_DOY', 'OCC_HOUR', 'OCC_MONTH_Num', 'LONG_WGS84', 'LAT_WGS84', 'Division_Freq', 'Loca_Premi_Freq']",1.4,3,0.16478557086169993,"[np.float64(1.4), np.float64(1.4), np.float64(1.4), np.float64(1.4999999999999998), np.float64(1.4999999999999998), np.float64(1.4999999999999998), np.float64(1.4999999999999998), np.float64(1.4999999999999998), np.float64(1.1999999999999997), np.float64(1.2999999999999998)]","[3, 4, 5, 6, 7, 3, 4, 5, 3, 4]",1.1999999999999997,1.4999999999999998,3,7
2214,"['OCC_DAY', 'OCC_DOY', 'OCC_HOUR', 'OCC_MONTH_Num', 'LONG_WGS84', 'LAT_WGS84', 'HOOD_Freq']",1.5,3,0.36099051557113676,"[np.float64(1.5), np.float64(1.5), np.float64(1.5), np.float64(1.5), np.float64(1.5), np.float64(1.6), np.float64(1.6), np.float64(1.6), np.float64(1.6), np.float64(1.6)]","[3, 4, 5, 6, 7, 3, 4, 5, 6, 7]",1.5,1.6,3,7
2215,"['OCC_DAY', 'OCC_DOY', 'OCC_HOUR', 'OCC_MONTH_Num', 'LONG_WGS84', 'LAT_WGS84', 'HOOD_Freq', 'LOCATION_Freq']",1.6,3,0.33198372312965896,"[np.float64(1.6), np.float64(1.6), np.float64(1.6), np.float64(1.6), np.float64(1.6), np.float64(1.7000000000000002), np.float64(1.7000000000000002), np.float64(1.7000000000000002), np.float64(1.7000000000000002), np.float64(1.7000000000000002)]","[3, 4, 5, 6, 7, 3, 4, 5, 6, 7]",1.6,1.7000000000000002,3,7
2216,"['OCC_DAY', 'OCC_DOY', 'OCC_HOUR', 'OCC_MONTH_Num', 'LONG_WGS84', 'LAT_WGS84', 'HOOD_Freq', 'PREMISES_Freq']",1.9000000000000004,3,0.33192340881875604,"[np.float64(1.9000000000000004), np.float64(1.9000000000000004), np.float64(1.9000000000000004), np.float64(1.9000000000000004), np.float64(1.9000000000000004), np.float64(2.0000000000000004), np.float64(2.0000000000000004), np.float64(2.0000000000000004), np.float64(2.0000000000000004), np.float64(2.0000000000000004)]","[3, 4, 5, 6, 7, 3, 4, 5, 6, 7]",1.9000000000000004,2.0000000000000004,3,7
2217,"['OCC_DAY', 'OCC_DOY', 'OCC_HOUR', 'OCC_MONTH_Num', 'LONG_WGS84', 'LAT_WGS84', 'HOOD_Freq', 'Loca_Premi_Freq']",2.5,3,0.33408924401349127,"[np.float64(2.5), np.float64(2.5), np.float64(2.5), np.float64(2.5), np.float64(2.5), np.float64(2.6), np.float64(2.6), np.float64(2.6), np.float64(2.6), np.float64(2.6)]","[3, 4, 5, 6, 7, 3, 4, 5, 6, 7]",2.5,2.6,3,7
2218,"['OCC_DAY', 'OCC_DOY', 'OCC_HOUR', 'OCC_MONTH_Num', 'LONG_WGS84', 'LAT_WGS84', 'DIV_HOOD_Hier']",1.5,3,0.36543849969716474,"[np.float64(1.5), np.float64(1.5), np.float64(1.5), np.float64(1.5), np.float64(1.5), np.float64(1.6), np.float64(1.6), np.float64(1.6), np.float64(1.6), np.float64(1.6)]","[3, 4, 5, 6, 7, 3, 4, 5, 6, 7]",1.5,1.6,3,7
2219,"['OCC_DAY', 'OCC_DOY', 'OCC_HOUR', 'OCC_MONTH_Num', 'LONG_WGS84', 'LAT_WGS84', 'DIV_HOOD_Hier', 'LOCATION_Freq']",1.6,3,0.33615726599642637,"[np.float64(1.6), np.float64(1.6), np.float64(1.6), np.float64(1.6), np.float64(1.6), np.float64(1.7000000000000002), np.float64(1.7000000000000002), np.float64(1.7000000000000002), np.float64(1.7000000000000002), np.float64(1.7000000000000002)]","[3, 4, 5, 6, 7, 3, 4, 5, 6, 7]",1.6,1.7000000000000002,3,7
2220,"['OCC_DAY', 'OCC_DOY', 'OCC_HOUR', 'OCC_MONTH_Num', 'LONG_WGS84', 'LAT_WGS84', 'DIV_HOOD_Hier', 'PREMISES_Freq']",1.9000000000000004,3,0.3360863272700132,"[np.float64(1.9000000000000004), np.float64(1.9000000000000004), np.float64(1.9000000000000004), np.float64(1.9000000000000004), np.float64(1.9000000000000004), np.float64(2.0000000000000004), np.float64(2.0000000000000004), np.float64(2.0000000000000004), np.float64(2.0000000000000004), np.float64(2.0000000000000004)]","[3, 4, 5, 6, 7, 3, 4, 5, 6, 7]",1.9000000000000004,2.0000000000000004,3,7
2221,"['OCC_DAY', 'OCC_DOY', 'OCC_HOUR', 'OCC_MONTH_Num', 'LONG_WGS84', 'LAT_WGS84', 'DIV_HOOD_Hier', 'Loca_Premi_Freq']",2.5,3,0.3382118362342748,"[np.float64(2.5), np.float64(2.5), np.float64(2.5), np.float64(2.5), np.float64(2.5), np.float64(2.6), np.float64(2.6), np.float64(2.6), np.float64(2.6), np.float64(2.6)]","[3, 4, 5, 6, 7, 3, 4, 5, 6, 7]",2.5,2.6,3,7
2222,"['OCC_DAY', 'OCC_DOY', 'OCC_HOUR', 'DOW_Category_Freq']",0.6,3,0.25537330796864327,"[np.float64(0.6), np.float64(0.6), np.float64(0.6), np.float64(0.6), np.float64(0.6), np.float64(0.7), np.float64(0.7), np.float64(0.7), np.float64(0.7), np.float64(0.7)]","[3, 4, 5, 6, 7, 3, 4, 5, 6, 7]",0.6,0.7,3,7
2223,"['OCC_DAY', 'OCC_DOY', 'OCC_HOUR', 'DOW_Category_Freq', 'LOCATION_Freq']",1.2999999999999998,3,0.21510041203456826,"[np.float64(1.2999999999999998), np.float64(1.2999999999999998), np.float64(1.2999999999999998), np.float64(1.2999999999999998), np.float64(1.2999999999999998), np.float64(1.4), np.float64(1.4), np.float64(1.4), np.float64(1.4), np.float64(1.4)]","[3, 4, 5, 6, 7, 3, 4, 5, 6, 7]",1.2999999999999998,1.4,3,7
2224,"['OCC_DAY', 'OCC_DOY', 'OCC_HOUR', 'DOW_Category_Freq', 'PREMISES_Freq']",1.1999999999999997,3,0.22055149392179954,"[np.float64(1.1999999999999997), np.float64(1.1999999999999997), np.float64(1.1999999999999997), np.float64(1.1999999999999997), np.float64(1.1999999999999997), np.float64(1.2999999999999998), np.float64(1.2999999999999998), np.float64(1.2999999999999998), np.float64(1.2999999999999998), np.float64(1.2999999999999998)]","[3, 4, 5, 6, 7, 3, 4, 5, 6, 7]",1.1999999999999997,1.2999999999999998,3,7
2225,"['OCC_DAY', 'OCC_DOY', 'OCC_HOUR', 'DOW_Category_Freq', 'Loca_Premi_Freq']",1.0999999999999999,3,0.2283621128888612,"[np.float64(1.0999999999999999), np.float64(1.0999999999999999), np.float64(1.0999999999999999), np.float64(1.0999999999999999), np.float64(1.0999999999999999), np.float64(1.1999999999999997), np.float64(1.1999999999999997), np.float64(1.1999999999999997), np.float64(1.1999999999999997), np.float64(1.1999999999999997)]","[3, 4, 5, 6, 7, 3, 4, 5, 6, 7]",1.0999999999999999,1.1999999999999997,3,7
2226,"['OCC_DAY', 'OCC_DOY', 'OCC_HOUR', 'DOW_Category_Freq', 'Division_Freq']",0.9999999999999999,3,0.20297080949493435,"[np.float64(0.9999999999999999), np.float64(0.9999999999999999), np.float64(0.9999999999999999), np.float64(0.9999999999999999), np.float64(0.9999999999999999), np.float64(1.0999999999999999), np.float64(1.0999999999999999), np.float64(1.0999999999999999), np.float64(1.0999999999999999), np.float64(1.0999999999999999)]","[3, 4, 5, 6, 7, 3, 4, 5, 6, 7]",0.9999999999999999,1.0999999999999999,3,7
2227,"['OCC_DAY', 'OCC_DOY', 'OCC_HOUR', 'DOW_Category_Freq', 'Division_Freq', 'LOCATION_Freq']",1.4,3,0.17342549636708246,"[np.float64(1.4), np.float64(1.4), np.float64(1.4), np.float64(1.4), np.float64(1.4), np.float64(1.4999999999999998), np.float64(1.4999999999999998), np.float64(1.4999999999999998), np.float64(1.4999999999999998), np.float64(1.4999999999999998)]","[3, 4, 5, 6, 7, 3, 4, 5, 6, 7]",1.4,1.4999999999999998,3,7
2228,"['OCC_DAY', 'OCC_DOY', 'OCC_HOUR', 'DOW_Category_Freq', 'Division_Freq', 'PREMISES_Freq']",1.4,3,0.17577158222741926,"[np.float64(1.4), np.float64(1.4), np.float64(1.4), np.float64(1.4), np.float64(1.4), np.float64(1.4999999999999998), np.float64(1.4999999999999998), np.float64(1.4999999999999998), np.float64(1.4999999999999998), np.float64(1.4999999999999998)]","[3, 4, 5, 6, 7, 3, 4, 5, 6, 7]",1.4,1.4999999999999998,3,7
2229,"['OCC_DAY', 'OCC_DOY', 'OCC_HOUR', 'DOW_Category_Freq', 'Division_Freq', 'Loca_Premi_Freq']",1.4,3,0.1842444744850365,"[np.float64(1.4), np.float64(1.4), np.float64(1.4), np.float64(1.4), np.float64(1.4), np.float64(1.4999999999999998), np.float64(1.4999999999999998), np.float64(1.4999999999999998), np.float64(1.4999999999999998), np.float64(1.4999999999999998)]","[3, 4, 5, 6, 7, 3, 4, 5, 6, 7]",1.4,1.4999999999999998,3,7
2230,"['OCC_DAY', 'OCC_DOY', 'OCC_HOUR', 'DOW_Category_Freq', 'HOOD_Freq']",1.8000000000000003,3,0.4200172349394773,"[np.float64(1.8000000000000003), np.float64(1.8000000000000003), np.float64(1.8000000000000003), np.float64(1.8000000000000003), np.float64(1.8000000000000003), np.float64(1.9000000000000004), np.float64(1.9000000000000004), np.float64(1.9000000000000004), np.float64(1.9000000000000004), np.float64(1.9000000000000004)]","[3, 4, 5, 6, 7, 3, 4, 5, 6, 7]",1.8000000000000003,1.9000000000000004,3,7
2231,"['OCC_DAY', 'OCC_DOY', 'OCC_HOUR', 'DOW_Category_Freq', 'HOOD_Freq', 'LOCATION_Freq']",1.8000000000000003,3,0.3793102458458304,"[np.float64(1.8000000000000003), np.float64(1.8000000000000003), np.float64(1.8000000000000003), np.float64(1.8000000000000003), np.float64(1.8000000000000003), np.float64(1.9000000000000004), np.float64(1.9000000000000004), np.float64(1.9000000000000004), np.float64(1.9000000000000004), np.float64(1.9000000000000004)]","[3, 4, 5, 6, 7, 3, 4, 5, 6, 7]",1.8000000000000003,1.9000000000000004,3,7
2232,"['OCC_DAY', 'OCC_DOY', 'OCC_HOUR', 'DOW_Category_Freq', 'HOOD_Freq', 'PREMISES_Freq']",1.9000000000000004,3,0.3789994890076787,"[np.float64(1.9000000000000004), np.float64(1.9000000000000004), np.float64(1.9000000000000004), np.float64(1.9000000000000004), np.float64(1.9000000000000004), np.float64(2.0000000000000004), np.float64(2.0000000000000004), np.float64(2.0000000000000004), np.float64(2.0000000000000004), np.float64(2.0000000000000004)]","[3, 4, 5, 6, 7, 3, 4, 5, 6, 7]",1.9000000000000004,2.0000000000000004,3,7
2233,"['OCC_DAY', 'OCC_DOY', 'OCC_HOUR', 'DOW_Category_Freq', 'HOOD_Freq', 'Loca_Premi_Freq']",2.0000000000000004,3,0.38133179884793356,"[np.float64(2.0000000000000004), np.float64(2.0000000000000004), np.float64(2.0000000000000004), np.float64(2.0000000000000004), np.float64(2.0000000000000004), np.float64(2.1000000000000005), np.float64(2.1000000000000005), np.float64(2.1000000000000005), np.float64(2.1000000000000005), np.float64(2.1000000000000005)]","[3, 4, 5, 6, 7, 3, 4, 5, 6, 7]",2.0000000000000004,2.1000000000000005,3,7
2234,"['OCC_DAY', 'OCC_DOY', 'OCC_HOUR', 'DOW_Category_Freq', 'DIV_HOOD_Hier']",1.8000000000000003,3,0.42561678407663905,"[np.float64(1.8000000000000003), np.float64(1.8000000000000003), np.float64(1.8000000000000003), np.float64(1.8000000000000003), np.float64(1.8000000000000003), np.float64(1.9000000000000004), np.float64(1.9000000000000004), np.float64(1.9000000000000004), np.float64(1.9000000000000004), np.float64(1.9000000000000004)]","[3, 4, 5, 6, 7, 3, 4, 5, 6, 7]",1.8000000000000003,1.9000000000000004,3,7
2235,"['OCC_DAY', 'OCC_DOY', 'OCC_HOUR', 'DOW_Category_Freq', 'DIV_HOOD_Hier', 'LOCATION_Freq']",1.8000000000000003,3,0.3845191178968908,"[np.float64(1.8000000000000003), np.float64(1.8000000000000003), np.float64(1.8000000000000003), np.float64(1.8000000000000003), np.float64(1.8000000000000003), np.float64(1.9000000000000004), np.float64(1.9000000000000004), np.float64(1.9000000000000004), np.float64(1.9000000000000004), np.float64(1.9000000000000004)]","[3, 4, 5, 6, 7, 3, 4, 5, 6, 7]",1.8000000000000003,1.9000000000000004,3,7
2236,"['OCC_DAY', 'OCC_DOY', 'OCC_HOUR', 'DOW_Category_Freq', 'DIV_HOOD_Hier', 'PREMISES_Freq']",1.9000000000000004,3,0.384193123896143,"[np.float64(1.9000000000000004), np.float64(1.9000000000000004), np.float64(1.9000000000000004), np.float64(1.9000000000000004), np.float64(1.9000000000000004), np.float64(2.0000000000000004), np.float64(2.0000000000000004), np.float64(2.0000000000000004), np.float64(2.0000000000000004), np.float64(2.0000000000000004)]","[3, 4, 5, 6, 7, 3, 4, 5, 6, 7]",1.9000000000000004,2.0000000000000004,3,7
2237,"['OCC_DAY', 'OCC_DOY', 'OCC_HOUR', 'DOW_Category_Freq', 'DIV_HOOD_Hier', 'Loca_Premi_Freq']",2.0000000000000004,3,0.386466694789989,"[np.float64(2.0000000000000004), np.float64(2.0000000000000004), np.float64(2.0000000000000004), np.float64(2.0000000000000004), np.float64(2.0000000000000004), np.float64(2.1000000000000005), np.float64(2.1000000000000005), np.float64(2.1000000000000005), np.float64(2.1000000000000005), np.float64(2.1000000000000005)]","[3, 4, 5, 6, 7, 3, 4, 5, 6, 7]",2.0000000000000004,2.1000000000000005,3,7
2238,"['OCC_DAY', 'OCC_DOY', 'OCC_HOUR', 'DOW_Category_Freq', 'LONG_LAT_PCA']",0.8999999999999999,3,0.20437498920598005,"[np.float64(0.8999999999999999), np.float64(0.8999999999999999), np.float64(0.8999999999999999), np.float64(0.8999999999999999), np.float64(0.8999999999999999), np.float64(0.9999999999999999), np.float64(0.9999999999999999), np.float64(0.9999999999999999), np.float64(0.9999999999999999), np.float64(0.9999999999999999)]","[3, 4, 5, 6, 7, 3, 4, 5, 6, 7]",0.8999999999999999,0.9999999999999999,3,7
2239,"['OCC_DAY', 'OCC_DOY', 'OCC_HOUR', 'DOW_Category_Freq', 'LONG_LAT_PCA', 'LOCATION_Freq']",1.4999999999999998,3,0.17351398170514082,"[np.float64(1.4999999999999998), np.float64(1.4999999999999998), np.float64(1.4999999999999998), np.float64(1.4999999999999998), np.float64(1.4999999999999998), np.float64(1.2999999999999998), np.float64(1.2999999999999998), np.float64(1.2999999999999998), np.float64(1.2999999999999998), np.float64(1.2999999999999998)]","[3, 4, 5, 6, 7, 3, 4, 5, 7, 6]",1.2999999999999998,1.4999999999999998,3,7
2240,"['OCC_DAY', 'OCC_DOY', 'OCC_HOUR', 'DOW_Category_Freq', 'LONG_LAT_PCA', 'PREMISES_Freq']",1.4,3,0.1789851848648877,"[np.float64(1.4), np.float64(1.4), np.float64(1.4), np.float64(1.4), np.float64(1.4), np.float64(1.4999999999999998), np.float64(1.4999999999999998), np.float64(1.4999999999999998), np.float64(1.4999999999999998), np.float64(1.4999999999999998)]","[3, 4, 5, 6, 7, 3, 4, 5, 6, 7]",1.4,1.4999999999999998,3,7
2241,"['OCC_DAY', 'OCC_DOY', 'OCC_HOUR', 'DOW_Category_Freq', 'LONG_LAT_PCA', 'Loca_Premi_Freq']",1.4,3,0.1856473652857722,"[np.float64(1.4), np.float64(1.4), np.float64(1.4), np.float64(1.4), np.float64(1.4), np.float64(1.4999999999999998), np.float64(1.4999999999999998), np.float64(1.4999999999999998), np.float64(1.4999999999999998), np.float64(1.4999999999999998)]","[3, 4, 5, 6, 7, 3, 4, 5, 6, 7]",1.4,1.4999999999999998,3,7
2242,"['OCC_DAY', 'OCC_DOY', 'OCC_HOUR', 'DOW_Category_Freq', 'LONG_LAT_PCA', 'Division_Freq']",1.4,13,0.16841510304826424,"[np.float64(1.4), np.float64(1.4), np.float64(1.4), np.float64(1.4), np.float64(1.4), np.float64(1.4999999999999998), np.float64(1.4999999999999998), np.float64(1.4999999999999998), np.float64(1.4999999999999998), np.float64(1.4999999999999998)]","[13, 14, 15, 16, 17, 13, 14, 15, 16, 17]",1.4,1.4999999999999998,13,17
2243,"['OCC_DAY', 'OCC_DOY', 'OCC_HOUR', 'DOW_Category_Freq', 'LONG_LAT_PCA', 'Division_Freq', 'LOCATION_Freq']",1.4,9,0.1392668760125979,"[np.float64(1.4), np.float64(1.4), np.float64(1.4), np.float64(1.4), np.float64(1.4999999999999998), np.float64(1.4999999999999998), np.float64(1.4999999999999998), np.float64(1.2999999999999998), np.float64(1.4999999999999998), np.float64(1.4)]","[9, 10, 11, 12, 10, 12, 11, 8, 9, 8]",1.2999999999999998,1.4999999999999998,8,12
2244,"['OCC_DAY', 'OCC_DOY', 'OCC_HOUR', 'DOW_Category_Freq', 'LONG_LAT_PCA', 'Division_Freq', 'PREMISES_Freq']",1.4,5,0.14334050260723843,"[np.float64(1.4), np.float64(1.4), np.float64(1.4), np.float64(1.4999999999999998), np.float64(1.4999999999999998), np.float64(1.2999999999999998), np.float64(1.4), np.float64(1.2999999999999998), np.float64(1.2999999999999998), np.float64(1.4999999999999998)]","[5, 3, 4, 6, 7, 5, 6, 3, 4, 3]",1.2999999999999998,1.4999999999999998,3,7
2245,"['OCC_DAY', 'OCC_DOY', 'OCC_HOUR', 'DOW_Category_Freq', 'LONG_LAT_PCA', 'Division_Freq', 'Loca_Premi_Freq']",1.2999999999999998,8,0.14808975410158892,"[np.float64(1.2999999999999998), np.float64(1.4), np.float64(1.4), np.float64(1.2999999999999998), np.float64(1.4), np.float64(1.4), np.float64(1.4999999999999998), np.float64(1.4999999999999998), np.float64(1.4999999999999998), np.float64(1.4999999999999998)]","[8, 12, 11, 9, 10, 9, 10, 12, 11, 9]",1.2999999999999998,1.4999999999999998,8,12
2246,"['OCC_DAY', 'OCC_DOY', 'OCC_HOUR', 'DOW_Category_Freq', 'LONG_LAT_PCA', 'HOOD_Freq']",1.8000000000000003,3,0.37834510324324994,"[np.float64(1.8000000000000003), np.float64(1.8000000000000003), np.float64(1.8000000000000003), np.float64(1.8000000000000003), np.float64(1.8000000000000003), np.float64(1.9000000000000004), np.float64(1.9000000000000004), np.float64(1.9000000000000004), np.float64(1.9000000000000004), np.float64(1.9000000000000004)]","[3, 4, 5, 6, 7, 3, 4, 5, 6, 7]",1.8000000000000003,1.9000000000000004,3,7
2247,"['OCC_DAY', 'OCC_DOY', 'OCC_HOUR', 'DOW_Category_Freq', 'LONG_LAT_PCA', 'HOOD_Freq', 'LOCATION_Freq']",1.8000000000000003,3,0.3455089808052571,"[np.float64(1.8000000000000003), np.float64(1.8000000000000003), np.float64(1.8000000000000003), np.float64(1.8000000000000003), np.float64(1.8000000000000003), np.float64(1.9000000000000004), np.float64(1.9000000000000004), np.float64(1.9000000000000004), np.float64(1.9000000000000004), np.float64(1.9000000000000004)]","[3, 4, 5, 6, 7, 3, 4, 5, 6, 7]",1.8000000000000003,1.9000000000000004,3,7
2248,"['OCC_DAY', 'OCC_DOY', 'OCC_HOUR', 'DOW_Category_Freq', 'LONG_LAT_PCA', 'HOOD_Freq', 'PREMISES_Freq']",1.9000000000000004,3,0.3454275186016317,"[np.float64(1.9000000000000004), np.float64(1.9000000000000004), np.float64(1.9000000000000004), np.float64(1.9000000000000004), np.float64(1.9000000000000004), np.float64(2.0000000000000004), np.float64(2.0000000000000004), np.float64(2.0000000000000004), np.float64(2.0000000000000004), np.float64(2.0000000000000004)]","[3, 4, 5, 6, 7, 3, 4, 5, 6, 7]",1.9000000000000004,2.0000000000000004,3,7
2249,"['OCC_DAY', 'OCC_DOY', 'OCC_HOUR', 'DOW_Category_Freq', 'LONG_LAT_PCA', 'HOOD_Freq', 'Loca_Premi_Freq']",2.1000000000000005,3,0.347725681222916,"[np.float64(2.1000000000000005), np.float64(2.1000000000000005), np.float64(2.1000000000000005), np.float64(2.1000000000000005), np.float64(2.1000000000000005), np.float64(2.2000000000000006), np.float64(2.2000000000000006), np.float64(2.2000000000000006), np.float64(2.2000000000000006), np.float64(2.2000000000000006)]","[3, 4, 5, 6, 7, 3, 4, 5, 6, 7]",2.1000000000000005,2.2000000000000006,3,7
2250,"['OCC_DAY', 'OCC_DOY', 'OCC_HOUR', 'DOW_Category_Freq', 'LONG_LAT_PCA', 'DIV_HOOD_Hier']",1.8000000000000003,3,0.38334095553854663,"[np.float64(1.8000000000000003), np.float64(1.8000000000000003), np.float64(1.8000000000000003), np.float64(1.8000000000000003), np.float64(1.8000000000000003), np.float64(1.9000000000000004), np.float64(1.9000000000000004), np.float64(1.9000000000000004), np.float64(1.9000000000000004), np.float64(1.9000000000000004)]","[3, 4, 5, 6, 7, 3, 4, 5, 6, 7]",1.8000000000000003,1.9000000000000004,3,7
2251,"['OCC_DAY', 'OCC_DOY', 'OCC_HOUR', 'DOW_Category_Freq', 'LONG_LAT_PCA', 'DIV_HOOD_Hier', 'LOCATION_Freq']",1.8000000000000003,3,0.35018531675527276,"[np.float64(1.8000000000000003), np.float64(1.8000000000000003), np.float64(1.8000000000000003), np.float64(1.8000000000000003), np.float64(1.8000000000000003), np.float64(1.9000000000000004), np.float64(1.9000000000000004), np.float64(1.9000000000000004), np.float64(1.9000000000000004), np.float64(1.9000000000000004)]","[3, 4, 5, 6, 7, 3, 4, 5, 6, 7]",1.8000000000000003,1.9000000000000004,3,7
2252,"['OCC_DAY', 'OCC_DOY', 'OCC_HOUR', 'DOW_Category_Freq', 'LONG_LAT_PCA', 'DIV_HOOD_Hier', 'PREMISES_Freq']",1.9000000000000004,3,0.35009165241678375,"[np.float64(1.9000000000000004), np.float64(1.9000000000000004), np.float64(1.9000000000000004), np.float64(1.9000000000000004), np.float64(1.9000000000000004), np.float64(2.0000000000000004), np.float64(2.0000000000000004), np.float64(2.0000000000000004), np.float64(2.0000000000000004), np.float64(2.0000000000000004)]","[3, 4, 5, 6, 7, 3, 4, 5, 6, 7]",1.9000000000000004,2.0000000000000004,3,7
2253,"['OCC_DAY', 'OCC_DOY', 'OCC_HOUR', 'DOW_Category_Freq', 'LONG_LAT_PCA', 'DIV_HOOD_Hier', 'Loca_Premi_Freq']",2.1000000000000005,3,0.35234165051706196,"[np.float64(2.1000000000000005), np.float64(2.1000000000000005), np.float64(2.1000000000000005), np.float64(2.1000000000000005), np.float64(2.1000000000000005), np.float64(2.2000000000000006), np.float64(2.2000000000000006), np.float64(2.2000000000000006), np.float64(2.2000000000000006), np.float64(2.2000000000000006)]","[3, 4, 5, 6, 7, 3, 4, 5, 6, 7]",2.1000000000000005,2.2000000000000006,3,7
2254,"['OCC_DAY', 'OCC_DOY', 'OCC_HOUR', 'DOW_Category_Freq', 'LONG_WGS84', 'LAT_WGS84']",1.1999999999999997,3,0.17023013383079857,"[np.float64(1.1999999999999997), np.float64(1.1999999999999997), np.float64(1.1999999999999997), np.float64(1.1999999999999997), np.float64(1.1999999999999997), np.float64(1.2999999999999998), np.float64(1.2999999999999998), np.float64(1.2999999999999998), np.float64(1.2999999999999998), np.float64(1.2999999999999998)]","[3, 4, 5, 6, 7, 3, 4, 5, 6, 7]",1.1999999999999997,1.2999999999999998,3,7
2255,"['OCC_DAY', 'OCC_DOY', 'OCC_HOUR', 'DOW_Category_Freq', 'LONG_WGS84', 'LAT_WGS84', 'LOCATION_Freq']",1.4999999999999998,9,0.14352569905055687,"[np.float64(1.4999999999999998), np.float64(1.4999999999999998), np.float64(1.4), np.float64(1.4999999999999998), np.float64(1.4999999999999998), np.float64(1.4), np.float64(1.4999999999999998), np.float64(1.4), np.float64(1.4), np.float64(1.4)]","[9, 10, 8, 11, 12, 9, 8, 10, 11, 12]",1.4,1.4999999999999998,8,12
2256,"['OCC_DAY', 'OCC_DOY', 'OCC_HOUR', 'DOW_Category_Freq', 'LONG_WGS84', 'LAT_WGS84', 'PREMISES_Freq']",1.2999999999999998,3,0.14562361370740143,"[np.float64(1.2999999999999998), np.float64(1.2999999999999998), np.float64(1.2999999999999998), np.float64(1.2999999999999998), np.float64(1.4), np.float64(1.4), np.float64(1.4), np.float64(1.4999999999999998), np.float64(1.4999999999999998), np.float64(1.4999999999999998)]","[3, 6, 4, 5, 7, 4, 6, 5, 6, 7]",1.2999999999999998,1.4999999999999998,3,7
2257,"['OCC_DAY', 'OCC_DOY', 'OCC_HOUR', 'DOW_Category_Freq', 'LONG_WGS84', 'LAT_WGS84', 'Loca_Premi_Freq']",1.4999999999999998,3,0.1543417604406183,"[np.float64(1.4999999999999998), np.float64(1.2999999999999998), np.float64(1.2999999999999998), np.float64(1.1999999999999997), np.float64(1.2999999999999998), np.float64(1.2999999999999998), np.float64(1.4999999999999998), np.float64(1.4999999999999998), np.float64(1.4), np.float64(1.4999999999999998)]","[3, 3, 4, 4, 6, 5, 4, 5, 7, 6]",1.1999999999999997,1.4999999999999998,3,7
2258,"['OCC_DAY', 'OCC_DOY', 'OCC_HOUR', 'DOW_Category_Freq', 'LONG_WGS84', 'LAT_WGS84', 'Division_Freq']",0.9999999999999999,3,0.15479434512600976,"[np.float64(0.9999999999999999), np.float64(0.9999999999999999), np.float64(1.0999999999999999), np.float64(1.0999999999999999), np.float64(1.4999999999999998), np.float64(1.4999999999999998), np.float64(1.4999999999999998), np.float64(1.4999999999999998), np.float64(1.4999999999999998), np.float64(1.0999999999999999)]","[3, 6, 7, 6, 3, 4, 5, 6, 7, 3]",0.9999999999999999,1.4999999999999998,3,7
2259,"['OCC_DAY', 'OCC_DOY', 'OCC_HOUR', 'DOW_Category_Freq', 'LONG_WGS84', 'LAT_WGS84', 'Division_Freq', 'LOCATION_Freq']",1.4999999999999998,8,0.1206496574027764,"[np.float64(1.4999999999999998), np.float64(1.4999999999999998), np.float64(1.4999999999999998), np.float64(1.4999999999999998), np.float64(1.4999999999999998), np.float64(1.4), np.float64(1.2999999999999998), np.float64(1.4), np.float64(1.4), np.float64(1.4)]","[8, 9, 11, 10, 12, 8, 10, 10, 9, 11]",1.2999999999999998,1.4999999999999998,8,12
2260,"['OCC_DAY', 'OCC_DOY', 'OCC_HOUR', 'DOW_Category_Freq', 'LONG_WGS84', 'LAT_WGS84', 'Division_Freq', 'PREMISES_Freq']",1.9000000000000004,13,0.20199973934439347,"[np.float64(1.9000000000000004), np.float64(2.0000000000000004), np.float64(2.0000000000000004), np.float64(2.0000000000000004), np.float64(2.0000000000000004), np.float64(2.0000000000000004), np.float64(1.9000000000000004), np.float64(1.9000000000000004), np.float64(1.9000000000000004), np.float64(1.8000000000000003)]","[13, 13, 14, 15, 16, 17, 14, 15, 16, 17]",1.8000000000000003,2.0000000000000004,13,17
2261,"['OCC_DAY', 'OCC_DOY', 'OCC_HOUR', 'DOW_Category_Freq', 'LONG_WGS84', 'LAT_WGS84', 'Division_Freq', 'Loca_Premi_Freq']",2.0000000000000004,14,0.19224506478447054,"[np.float64(2.0000000000000004), np.float64(2.0000000000000004), np.float64(2.0000000000000004), np.float64(2.0000000000000004), np.float64(1.9000000000000004), np.float64(1.9000000000000004), np.float64(1.8000000000000003), np.float64(1.8000000000000003), np.float64(1.8000000000000003), np.float64(1.9000000000000004)]","[14, 15, 16, 17, 15, 14, 16, 15, 14, 16]",1.8000000000000003,2.0000000000000004,14,17
2262,"['OCC_DAY', 'OCC_DOY', 'OCC_HOUR', 'DOW_Category_Freq', 'LONG_WGS84', 'LAT_WGS84', 'HOOD_Freq']",1.8000000000000003,3,0.3546855370988752,"[np.float64(1.8000000000000003), np.float64(1.8000000000000003), np.float64(1.8000000000000003), np.float64(1.8000000000000003), np.float64(1.8000000000000003), np.float64(1.9000000000000004), np.float64(1.9000000000000004), np.float64(1.9000000000000004), np.float64(1.9000000000000004), np.float64(1.9000000000000004)]","[3, 4, 5, 6, 7, 3, 4, 5, 6, 7]",1.8000000000000003,1.9000000000000004,3,7
2263,"['OCC_DAY', 'OCC_DOY', 'OCC_HOUR', 'DOW_Category_Freq', 'LONG_WGS84', 'LAT_WGS84', 'HOOD_Freq', 'LOCATION_Freq']",1.8000000000000003,3,0.3271459105597618,"[np.float64(1.8000000000000003), np.float64(1.8000000000000003), np.float64(1.8000000000000003), np.float64(1.8000000000000003), np.float64(1.8000000000000003), np.float64(1.9000000000000004), np.float64(1.9000000000000004), np.float64(1.9000000000000004), np.float64(1.9000000000000004), np.float64(1.9000000000000004)]","[3, 4, 5, 6, 7, 3, 4, 5, 6, 7]",1.8000000000000003,1.9000000000000004,3,7
2264,"['OCC_DAY', 'OCC_DOY', 'OCC_HOUR', 'DOW_Category_Freq', 'LONG_WGS84', 'LAT_WGS84', 'HOOD_Freq', 'PREMISES_Freq']",1.9000000000000004,3,0.3271421472214006,"[np.float64(1.9000000000000004), np.float64(1.9000000000000004), np.float64(1.9000000000000004), np.float64(1.9000000000000004), np.float64(1.9000000000000004), np.float64(2.0000000000000004), np.float64(2.0000000000000004), np.float64(2.0000000000000004), np.float64(2.0000000000000004), np.float64(2.0000000000000004)]","[3, 4, 5, 6, 7, 3, 4, 5, 6, 7]",1.9000000000000004,2.0000000000000004,3,7
2265,"['OCC_DAY', 'OCC_DOY', 'OCC_HOUR', 'DOW_Category_Freq', 'LONG_WGS84', 'LAT_WGS84', 'HOOD_Freq', 'Loca_Premi_Freq']",2.5,3,0.3293215022114596,"[np.float64(2.5), np.float64(2.5), np.float64(2.5), np.float64(2.5), np.float64(2.5), np.float64(2.6), np.float64(2.6), np.float64(2.6), np.float64(2.6), np.float64(2.6)]","[3, 4, 5, 6, 7, 3, 4, 5, 6, 7]",2.5,2.6,3,7
2266,"['OCC_DAY', 'OCC_DOY', 'OCC_HOUR', 'DOW_Category_Freq', 'LONG_WGS84', 'LAT_WGS84', 'DIV_HOOD_Hier']",1.8000000000000003,3,0.35909632339262404,"[np.float64(1.8000000000000003), np.float64(1.8000000000000003), np.float64(1.8000000000000003), np.float64(1.8000000000000003), np.float64(1.8000000000000003), np.float64(1.9000000000000004), np.float64(1.9000000000000004), np.float64(1.9000000000000004), np.float64(1.9000000000000004), np.float64(1.9000000000000004)]","[3, 4, 5, 6, 7, 3, 4, 5, 6, 7]",1.8000000000000003,1.9000000000000004,3,7
2267,"['OCC_DAY', 'OCC_DOY', 'OCC_HOUR', 'DOW_Category_Freq', 'LONG_WGS84', 'LAT_WGS84', 'DIV_HOOD_Hier', 'LOCATION_Freq']",1.8000000000000003,3,0.3312905883404569,"[np.float64(1.8000000000000003), np.float64(1.8000000000000003), np.float64(1.8000000000000003), np.float64(1.8000000000000003), np.float64(1.8000000000000003), np.float64(1.9000000000000004), np.float64(1.9000000000000004), np.float64(1.9000000000000004), np.float64(1.9000000000000004), np.float64(1.9000000000000004)]","[3, 4, 5, 6, 7, 3, 4, 5, 6, 7]",1.8000000000000003,1.9000000000000004,3,7
2268,"['OCC_DAY', 'OCC_DOY', 'OCC_HOUR', 'DOW_Category_Freq', 'LONG_WGS84', 'LAT_WGS84', 'DIV_HOOD_Hier', 'PREMISES_Freq']",1.9000000000000004,3,0.3312768682034008,"[np.float64(1.9000000000000004), np.float64(1.9000000000000004), np.float64(1.9000000000000004), np.float64(1.9000000000000004), np.float64(1.9000000000000004), np.float64(2.0000000000000004), np.float64(2.0000000000000004), np.float64(2.0000000000000004), np.float64(2.0000000000000004), np.float64(2.0000000000000004)]","[3, 4, 5, 6, 7, 3, 4, 5, 6, 7]",1.9000000000000004,2.0000000000000004,3,7
2269,"['OCC_DAY', 'OCC_DOY', 'OCC_HOUR', 'DOW_Category_Freq', 'LONG_WGS84', 'LAT_WGS84', 'DIV_HOOD_Hier', 'Loca_Premi_Freq']",2.5,3,0.33341677552069027,"[np.float64(2.5), np.float64(2.5), np.float64(2.5), np.float64(2.5), np.float64(2.5), np.float64(2.6), np.float64(2.6), np.float64(2.6), np.float64(2.6), np.float64(2.6)]","[3, 4, 5, 6, 7, 3, 4, 5, 6, 7]",2.5,2.6,3,7
2270,"['OCC_DAY', 'OCC_DOY', 'OCC_MONTH_Num', 'DOW_Category_Freq']",0.6,3,0.2764764564276319,"[np.float64(0.6), np.float64(0.6), np.float64(0.6), np.float64(0.6), np.float64(0.6), np.float64(0.7), np.float64(0.7), np.float64(0.7), np.float64(0.7), np.float64(0.7)]","[3, 4, 5, 6, 7, 3, 4, 5, 6, 7]",0.6,0.7,3,7
2271,"['OCC_DAY', 'OCC_DOY', 'OCC_MONTH_Num', 'DOW_Category_Freq', 'LOCATION_Freq']",1.2999999999999998,3,0.23171813877671,"[np.float64(1.2999999999999998), np.float64(1.2999999999999998), np.float64(1.2999999999999998), np.float64(1.2999999999999998), np.float64(1.2999999999999998), np.float64(1.4), np.float64(1.4), np.float64(1.4), np.float64(1.4), np.float64(1.4)]","[3, 4, 5, 6, 7, 3, 4, 5, 6, 7]",1.2999999999999998,1.4,3,7
2272,"['OCC_DAY', 'OCC_DOY', 'OCC_MONTH_Num', 'DOW_Category_Freq', 'PREMISES_Freq']",1.1999999999999997,3,0.2365658293974784,"[np.float64(1.1999999999999997), np.float64(1.1999999999999997), np.float64(1.1999999999999997), np.float64(1.1999999999999997), np.float64(1.1999999999999997), np.float64(1.2999999999999998), np.float64(1.2999999999999998), np.float64(1.2999999999999998), np.float64(1.2999999999999998), np.float64(1.2999999999999998)]","[3, 4, 5, 6, 7, 3, 4, 5, 6, 7]",1.1999999999999997,1.2999999999999998,3,7
2273,"['OCC_DAY', 'OCC_DOY', 'OCC_MONTH_Num', 'DOW_Category_Freq', 'Loca_Premi_Freq']",1.0999999999999999,3,0.24510879354144513,"[np.float64(1.0999999999999999), np.float64(1.0999999999999999), np.float64(1.0999999999999999), np.float64(1.0999999999999999), np.float64(1.0999999999999999), np.float64(1.1999999999999997), np.float64(1.1999999999999997), np.float64(1.1999999999999997), np.float64(1.1999999999999997), np.float64(1.1999999999999997)]","[3, 4, 5, 6, 7, 3, 4, 5, 6, 7]",1.0999999999999999,1.1999999999999997,3,7
2274,"['OCC_DAY', 'OCC_DOY', 'OCC_MONTH_Num', 'DOW_Category_Freq', 'Division_Freq']",0.7999999999999999,3,0.2141929341591559,"[np.float64(0.7999999999999999), np.float64(0.7999999999999999), np.float64(0.7999999999999999), np.float64(0.7999999999999999), np.float64(0.7999999999999999), np.float64(0.8999999999999999), np.float64(0.8999999999999999), np.float64(0.8999999999999999), np.float64(0.8999999999999999), np.float64(0.8999999999999999)]","[3, 4, 5, 6, 7, 3, 4, 5, 6, 7]",0.7999999999999999,0.8999999999999999,3,7
2275,"['OCC_DAY', 'OCC_DOY', 'OCC_MONTH_Num', 'DOW_Category_Freq', 'Division_Freq', 'LOCATION_Freq']",1.2999999999999998,8,0.18259370003070707,"[np.float64(1.2999999999999998), np.float64(1.2999999999999998), np.float64(1.2999999999999998), np.float64(1.2999999999999998), np.float64(1.2999999999999998), np.float64(1.4), np.float64(1.4), np.float64(1.4), np.float64(1.4), np.float64(1.4)]","[8, 9, 10, 11, 12, 8, 9, 10, 11, 12]",1.2999999999999998,1.4,8,12
2276,"['OCC_DAY', 'OCC_DOY', 'OCC_MONTH_Num', 'DOW_Category_Freq', 'Division_Freq', 'PREMISES_Freq']",1.2999999999999998,13,0.18469666864611442,"[np.float64(1.2999999999999998), np.float64(1.2999999999999998), np.float64(1.2999999999999998), np.float64(1.2999999999999998), np.float64(1.2999999999999998), np.float64(1.4), np.float64(1.4), np.float64(1.4), np.float64(1.4), np.float64(1.4)]","[13, 14, 15, 16, 17, 13, 14, 15, 16, 17]",1.2999999999999998,1.4,13,17
2277,"['OCC_DAY', 'OCC_DOY', 'OCC_MONTH_Num', 'DOW_Category_Freq', 'Division_Freq', 'Loca_Premi_Freq']",1.1999999999999997,13,0.1938156040529033,"[np.float64(1.1999999999999997), np.float64(1.1999999999999997), np.float64(1.1999999999999997), np.float64(1.2999999999999998), np.float64(1.2999999999999998), np.float64(1.2999999999999998), np.float64(1.2999999999999998), np.float64(1.2999999999999998), np.float64(1.4), np.float64(1.4)]","[13, 14, 15, 13, 14, 15, 16, 17, 13, 14]",1.1999999999999997,1.4,13,17
2278,"['OCC_DAY', 'OCC_DOY', 'OCC_MONTH_Num', 'DOW_Category_Freq', 'HOOD_Freq']",1.8000000000000003,3,0.431783912883089,"[np.float64(1.8000000000000003), np.float64(1.8000000000000003), np.float64(1.8000000000000003), np.float64(1.8000000000000003), np.float64(1.8000000000000003), np.float64(1.9000000000000004), np.float64(1.9000000000000004), np.float64(1.9000000000000004), np.float64(1.9000000000000004), np.float64(1.9000000000000004)]","[3, 4, 5, 6, 7, 3, 4, 5, 6, 7]",1.8000000000000003,1.9000000000000004,3,7
2279,"['OCC_DAY', 'OCC_DOY', 'OCC_MONTH_Num', 'DOW_Category_Freq', 'HOOD_Freq', 'LOCATION_Freq']",1.8000000000000003,3,0.38785630105720076,"[np.float64(1.8000000000000003), np.float64(1.8000000000000003), np.float64(1.8000000000000003), np.float64(1.8000000000000003), np.float64(1.8000000000000003), np.float64(1.9000000000000004), np.float64(1.9000000000000004), np.float64(1.9000000000000004), np.float64(1.9000000000000004), np.float64(1.9000000000000004)]","[3, 4, 5, 6, 7, 3, 4, 5, 6, 7]",1.8000000000000003,1.9000000000000004,3,7
2280,"['OCC_DAY', 'OCC_DOY', 'OCC_MONTH_Num', 'DOW_Category_Freq', 'HOOD_Freq', 'PREMISES_Freq']",1.9000000000000004,3,0.38738065615131395,"[np.float64(1.9000000000000004), np.float64(1.9000000000000004), np.float64(1.9000000000000004), np.float64(1.9000000000000004), np.float64(1.9000000000000004), np.float64(2.0000000000000004), np.float64(2.0000000000000004), np.float64(2.0000000000000004), np.float64(2.0000000000000004), np.float64(2.0000000000000004)]","[3, 4, 5, 6, 7, 3, 4, 5, 6, 7]",1.9000000000000004,2.0000000000000004,3,7
2281,"['OCC_DAY', 'OCC_DOY', 'OCC_MONTH_Num', 'DOW_Category_Freq', 'HOOD_Freq', 'Loca_Premi_Freq']",2.0000000000000004,3,0.38996695599895215,"[np.float64(2.0000000000000004), np.float64(2.0000000000000004), np.float64(2.0000000000000004), np.float64(2.0000000000000004), np.float64(2.0000000000000004), np.float64(2.1000000000000005), np.float64(2.1000000000000005), np.float64(2.1000000000000005), np.float64(2.1000000000000005), np.float64(2.1000000000000005)]","[3, 4, 5, 6, 7, 3, 4, 5, 6, 7]",2.0000000000000004,2.1000000000000005,3,7
2282,"['OCC_DAY', 'OCC_DOY', 'OCC_MONTH_Num', 'DOW_Category_Freq', 'DIV_HOOD_Hier']",1.8000000000000003,3,0.4374532030413443,"[np.float64(1.8000000000000003), np.float64(1.8000000000000003), np.float64(1.8000000000000003), np.float64(1.8000000000000003), np.float64(1.8000000000000003), np.float64(1.9000000000000004), np.float64(1.9000000000000004), np.float64(1.9000000000000004), np.float64(1.9000000000000004), np.float64(1.9000000000000004)]","[3, 4, 5, 6, 7, 3, 4, 5, 6, 7]",1.8000000000000003,1.9000000000000004,3,7
2283,"['OCC_DAY', 'OCC_DOY', 'OCC_MONTH_Num', 'DOW_Category_Freq', 'DIV_HOOD_Hier', 'LOCATION_Freq']",1.8000000000000003,3,0.3931076457296121,"[np.float64(1.8000000000000003), np.float64(1.8000000000000003), np.float64(1.8000000000000003), np.float64(1.8000000000000003), np.float64(1.8000000000000003), np.float64(1.9000000000000004), np.float64(1.9000000000000004), np.float64(1.9000000000000004), np.float64(1.9000000000000004), np.float64(1.9000000000000004)]","[3, 4, 5, 6, 7, 3, 4, 5, 6, 7]",1.8000000000000003,1.9000000000000004,3,7
2284,"['OCC_DAY', 'OCC_DOY', 'OCC_MONTH_Num', 'DOW_Category_Freq', 'DIV_HOOD_Hier', 'PREMISES_Freq']",1.9000000000000004,3,0.3926129922877847,"[np.float64(1.9000000000000004), np.float64(1.9000000000000004), np.float64(1.9000000000000004), np.float64(1.9000000000000004), np.float64(1.9000000000000004), np.float64(2.0000000000000004), np.float64(2.0000000000000004), np.float64(2.0000000000000004), np.float64(2.0000000000000004), np.float64(2.0000000000000004)]","[3, 4, 5, 6, 7, 3, 4, 5, 6, 7]",1.9000000000000004,2.0000000000000004,3,7
2285,"['OCC_DAY', 'OCC_DOY', 'OCC_MONTH_Num', 'DOW_Category_Freq', 'DIV_HOOD_Hier', 'Loca_Premi_Freq']",2.0000000000000004,3,0.39513801250324276,"[np.float64(2.0000000000000004), np.float64(2.0000000000000004), np.float64(2.0000000000000004), np.float64(2.0000000000000004), np.float64(2.0000000000000004), np.float64(2.1000000000000005), np.float64(2.1000000000000005), np.float64(2.1000000000000005), np.float64(2.1000000000000005), np.float64(2.1000000000000005)]","[3, 4, 5, 6, 7, 3, 4, 5, 6, 7]",2.0000000000000004,2.1000000000000005,3,7
2286,"['OCC_DAY', 'OCC_DOY', 'OCC_MONTH_Num', 'DOW_Category_Freq', 'LONG_LAT_PCA']",0.6,3,0.21571935791302418,"[np.float64(0.6), np.float64(0.6), np.float64(0.7), np.float64(0.7), np.float64(0.7), np.float64(0.7), np.float64(0.7), np.float64(0.7999999999999999), np.float64(0.7999999999999999), np.float64(0.7999999999999999)]","[3, 4, 3, 4, 5, 6, 7, 3, 4, 5]",0.6,0.7999999999999999,3,7
2287,"['OCC_DAY', 'OCC_DOY', 'OCC_MONTH_Num', 'DOW_Category_Freq', 'LONG_LAT_PCA', 'LOCATION_Freq']",1.2999999999999998,3,0.182682545246761,"[np.float64(1.2999999999999998), np.float64(1.2999999999999998), np.float64(1.2999999999999998), np.float64(1.2999999999999998), np.float64(1.2999999999999998), np.float64(1.4), np.float64(1.4), np.float64(1.4), np.float64(1.4), np.float64(1.4)]","[3, 4, 5, 6, 7, 3, 4, 5, 6, 7]",1.2999999999999998,1.4,3,7
2288,"['OCC_DAY', 'OCC_DOY', 'OCC_MONTH_Num', 'DOW_Category_Freq', 'LONG_LAT_PCA', 'PREMISES_Freq']",1.1999999999999997,3,0.1880661805648306,"[np.float64(1.1999999999999997), np.float64(1.1999999999999997), np.float64(1.1999999999999997), np.float64(1.1999999999999997), np.float64(1.1999999999999997), np.float64(1.2999999999999998), np.float64(1.2999999999999998), np.float64(1.2999999999999998), np.float64(1.2999999999999998), np.float64(1.2999999999999998)]","[3, 4, 5, 6, 7, 3, 4, 5, 6, 7]",1.1999999999999997,1.2999999999999998,3,7
